part_number,manufacturer,phoenix_name,category,bom_description,product_url,datasheet_pdf_url,downloads_url,folder
0800886,Phoenix Contact,E/NS 35 N,End bracket,END STOP,https://www.phoenixcontact.com/en-us/products/end-block-ens-35-n-0800886,https://www.phoenixcontact.com/us/products/0800886/pdf,https://www.phoenixcontact.com/en-us/products/end-block-ens-35-n-0800886#downloads,DIN Rail & Hardware
0801733,Phoenix Contact,"NS 35/7,5 PERF 2000MM",DIN rail (perforated),NS 35/7.5 PERF 2m DIN RAIL,https://www.phoenixcontact.com/en-us/products/din-rail-ns-35-75-perf-2000mm-0801733,https://www.phoenixcontact.com/us/products/0801733/pdf,https://www.phoenixcontact.com/en-us/products/din-rail-ns-35-75-perf-2000mm-0801733#downloads,DIN Rail & Hardware
0810009,Phoenix Contact,"ZBF 10,LGS:FORTL.ZAHLEN",Zack marker strip (flat),"UK 10,3 MARKER STRIP (1-10)",https://www.phoenixcontact.com/en-us/products/labeled-terminal-marker-zbf10lgsfortlzahlen-0810009,https://www.phoenixcontact.com/us/products/0810009/pdf,https://www.phoenixcontact.com/en-us/products/labeled-terminal-marker-zbf10lgsfortlzahlen-0810009#downloads,DIN Rail & Hardware
1019943,Phoenix Contact,TMC 7 2B 20A,Miniature circuit breaker,20A CIRCUIT BREAKER,https://www.phoenixcontact.com/en-us/products/thermomagnetic-device-circuit-breaker-tmc-72b-20a-1019943,https://www.phoenixcontact.com/us/products/1019943/pdf,,Protection
1051016,Phoenix Contact,"ZB 6,LGS:FORTL.ZAHLEN",Zack marker strip,UT-4 MARKER STRIP,https://www.phoenixcontact.com/en-us/products/labeled-terminal-marker-zb-6lgsfortlzahlen-1051016,https://www.phoenixcontact.com/us/products/1051016/pdf,https://www.phoenixcontact.com/en-us/products/labeled-terminal-marker-zb-6lgsfortlzahlen-1051016#downloads,DIN Rail & Hardware
1207650,Phoenix Contact,"NS 35/7,5 PERF 500MM",DIN rail (perforated),DIN RAIL 35x7.5mm SLOTTED,https://www.phoenixcontact.com/en-us/products/din-rail-ns-35-75-perf-500mm-1207650,https://www.phoenixcontact.com/us/products/1207650/pdf,https://www.phoenixcontact.com/en-us/products/din-rail-ns-35-75-perf-500mm-1207650#downloads,DIN Rail & Hardware
192075,Eaton,FAZ-NA (order# 192075),Miniature circuit breaker,CIRCUIT BREAKER EATON FAZ-NA DIN RAIL,https://www.eaton.com/us/en-us/catalog/electrical-circuit-protection/faz-na-xeffect-miniature-circuit-breaker.html,,,Protection
2907918,Phoenix Contact,PLT-SEC-T3-120-FM-UT,Surge protection device (Type 3),SURGE PROTECTOR,https://www.phoenixcontact.com/en-us/products/device-protection-plt-sec-t3-120-fm-ut-2907918,https://www.phoenixcontact.com/us/products/2907918/pdf,https://www.phoenixcontact.com/en-us/products/device-protection-plt-sec-t3-120-fm-ut-2907918#downloads,Protection
929121,DEHN,DPA M CLE RJ45B 48,Ethernet surge arrester,DEHNPATCH RJ45 ETHERNET SURGE ARRESTER,https://www.dehn-usa.com/store/p/en-US/F32581/dehnpatch-m-cle-rj45b-48-surge-arrester-?product=P32588,,,Protection
3004430,Phoenix Contact,UK 5-MTK,Knife-disconnect terminal block,KNIFE-DISCONNECT TERMINAL 2.5MM2,https://www.phoenixcontact.com/en-pc/products/knife-disconnect-terminal-block-uk-5-mtk-3004430,https://www.phoenixcontact.com/us/products/3004430/pdf,https://www.phoenixcontact.com/en-pc/products/knife-disconnect-terminal-block-uk-5-mtk-3004430#downloads,Terminal Blocks
3009299,Phoenix Contact,EB 56-18,Insertion bridge,"UK 10,3 JUMPER BAR",https://www.phoenixcontact.com/en-us/products/insertion-bridge-eb-56-18-3009299,https://www.phoenixcontact.com/us/products/3009299/pdf,https://www.phoenixcontact.com/en-us/products/insertion-bridge-eb-56-18-3009299#downloads,DIN Rail & Hardware
3030336,Phoenix Contact,FBS 2-6,Plug-in bridge (jumper),PLUG-IN TERMINAL BRIDGE 2 POS 32A,https://www.phoenixcontact.com/en-us/products/jumper-fbs-2-6-3030336,https://www.phoenixcontact.com/us/products/3030336/pdf,https://www.phoenixcontact.com/en-us/products/jumper-fbs-2-6-3030336#downloads,DIN Rail & Hardware
3032224,Phoenix Contact,FBS 50-6,Plug-in bridge (jumper),UT-4 JUMPER BAR,https://www.phoenixcontact.com/en-us/products/jumper-fbs-50-6-3032224,https://www.phoenixcontact.com/us/products/3032224/pdf,https://www.phoenixcontact.com/en-us/products/jumper-fbs-50-6-3032224#downloads,DIN Rail & Hardware
3044102,Phoenix Contact,UT 4,Feed-through terminal block,FEED-THROUGH TERMINAL 32A GRAY,https://www.phoenixcontact.com/en-us/products/feed-through-terminal-block-ut-4-3044102,https://www.phoenixcontact.com/us/products/3044102/pdf,https://www.phoenixcontact.com/en-us/products/feed-through-terminal-block-ut-4-3044102#downloads,Terminal Blocks
3044128,Phoenix Contact,UT 4-PE,Ground terminal block,GROUND TERMINAL,https://www.phoenixcontact.com/en-us/products/ground-terminal-block-ut-4-pe-3044128,https://www.phoenixcontact.com/us/products/3044128/pdf,https://www.phoenixcontact.com/en-us/products/ground-terminal-block-ut-4-pe-3044128#downloads,Terminal Blocks
3044131,Phoenix Contact,UT 6,Feed-through terminal block,FEED-THROUGH TERMINAL 41A GRAY,https://www.phoenixcontact.com/en-us/products/feed-through-terminal-block-ut-6-3044131,https://www.phoenixcontact.com/us/products/3044131/pdf,https://www.phoenixcontact.com/en-us/products/feed-through-terminal-block-ut-6-3044131#downloads,Terminal Blocks
3045198,Phoenix Contact,UT 6 WH,Feed-through terminal block (white),FEED-THROUGH TERMINAL 41A WHITE,https://www.phoenixcontact.com/en-us/products/feed-through-terminal-block-ut-6-wh-3045198,https://www.phoenixcontact.com/us/products/3045198/pdf,https://www.phoenixcontact.com/en-us/products/feed-through-terminal-block-ut-6-wh-3045198#downloads,Terminal Blocks
3046032,Phoenix Contact,UT 4-HESI (5X20),Fuse modular terminal block,FUSED TERMINAL 5X20 6.3A BLACK,https://www.phoenixcontact.com/en-us/products/fuse-terminal-block-ut-4-hesi-5x20-3046032,https://www.phoenixcontact.com/us/products/3046032/pdf,https://www.phoenixcontact.com/en-us/products/fuse-terminal-block-ut-4-hesi-5x20-3046032#downloads,Fused Terminals
3046139,Phoenix Contact,UT 4-MT,Knife-disconnect terminal block,FEED-THROUGH TERMINAL BLOCK KNIFE-DISCONNECT,https://www.phoenixcontact.com/en-us/products/disconnect-terminal-block-ut-4-mt-3046139,https://www.phoenixcontact.com/us/products/3046139/pdf,https://www.phoenixcontact.com/en-us/products/disconnect-terminal-block-ut-4-mt-3046139#downloads,Terminal Blocks
3046171,Phoenix Contact,UT 4-MT-P/P,Knife-disconnect terminal block with test sockets,KNIFE-DISCONNECT TERMINAL TEST SOCKETS 4MM2,https://www.phoenixcontact.com/en-us/products/disconnect-terminal-block-ut-4-mt-pp-3046171,https://www.phoenixcontact.com/us/products/3046171/pdf,https://www.phoenixcontact.com/en-us/products/disconnect-terminal-block-ut-4-mt-pp-3046171#downloads,Terminal Blocks
3046223,Phoenix Contact,UT 4-MTD-PE,Ground terminal block (double-conductor DIN rail contact),GROUND TERMINAL DOUBLE CONDUCTOR DIN RAIL,https://www.phoenixcontact.com/en-us/products/ground-terminal-block-ut-4-mtd-pe-3046223,https://www.phoenixcontact.com/us/products/3046223/pdf,https://www.phoenixcontact.com/en-us/products/ground-terminal-block-ut-4-mtd-pe-3046223#downloads,Terminal Blocks
3046401,Phoenix Contact,"UT 6-HESI (6,3X32)",Fuse modular terminal block,FUSED TERMINAL BLOCK 6.3X32,https://www.phoenixcontact.com/en-pc/products/fuse-modular-terminal-block-ut-6-hesi-63x32-3046401,https://www.phoenixcontact.com/us/products/3046401/pdf,https://www.phoenixcontact.com/en-pc/products/fuse-modular-terminal-block-ut-6-hesi-63x32-3046401#downloads,Fused Terminals
3047028,Phoenix Contact,"D-UT 2,5/10",End cover,TERMINAL END COVER D-UT 2.5/10,https://www.phoenixcontact.com/en-us/products/end-cover-d-ut-2510-3047028,https://www.phoenixcontact.com/us/products/3047028/pdf,https://www.phoenixcontact.com/en-us/products/end-cover-d-ut-2510-3047028#downloads,DIN Rail & Hardware
3047141,Phoenix Contact,"D-UT 2,5/4-TWIN",End cover,UT-4 END COVER,https://www.phoenixcontact.com/en-us/products/end-cover-d-ut-254-twin-3047141,https://www.phoenixcontact.com/us/products/3047141/pdf,https://www.phoenixcontact.com/en-us/products/end-cover-d-ut-254-twin-3047141#downloads,DIN Rail & Hardware
3047701,Phoenix Contact,UT 4-MTD WH,Feed-through terminal block (double-conductor white),UT-4 FEED THRU WHITE,https://www.phoenixcontact.com/en-us/products/feed-through-terminal-block-ut-4-mtd-wh-3047701,https://www.phoenixcontact.com/us/products/3047701/pdf,https://www.phoenixcontact.com/en-us/products/feed-through-terminal-block-ut-4-mtd-wh-3047701#downloads,Terminal Blocks
3048386,Phoenix Contact,"UK 10,3-HESI N",Fuse holder (10x38mm),"UK 10,3 FUSE HOLDER",https://www.phoenixcontact.com/en-us/products/fuse-terminal-block-uk-103-hesi-n-3048386,https://www.phoenixcontact.com/us/products/3048386/pdf,https://www.phoenixcontact.com/en-us/products/fuse-terminal-block-uk-103-hesi-n-3048386#downloads,Fused Terminals
3214259,Phoenix Contact,"UT 2,5-3L",Multi-level terminal block (3 levels),MULTI-LEVEL FEED-THROUGH TERMINAL BLOCK,https://www.phoenixcontact.com/en-us/products/multi-level-terminal-block-ut-25-3l-3214259,https://www.phoenixcontact.com/us/products/3214259/pdf,https://www.phoenixcontact.com/en-us/products/multi-level-terminal-block-ut-25-3l-3214259#downloads,Terminal Blocks
3214314,Phoenix Contact,"D-UT 2,5-3L",End cover (multi-level),END COVER MULTI-LEVEL TB,https://www.phoenixcontact.com/en-us/products/end-cover-d-ut-25-3l-3214314,https://www.phoenixcontact.com/us/products/3214314/pdf,https://www.phoenixcontact.com/en-us/products/end-cover-d-ut-25-3l-3214314#downloads,DIN Rail & Hardware
AIIS-3411P,Advantech,AIIS-3411P,Compact vision system,ADVANTECH COMPACT VISION SYSTEM,,,,Computers & Controllers
CGT4U,Connectwell,CGT4U,Ground terminal block,CONNECTWELL GROUND TERMINAL 4MM2 GREEN,https://www.connectwell.com/en/product/cgt4u/,,,Terminal Blocks
EKI-1526,Advantech,EKI-1526,Serial device server,ADVANTECH SERIAL DEVICE SERVER,,,,Network
FPR-1000-Series,Cisco,Cisco Firepower 1000 Series,Next-generation firewall,CISCO FIREPOWER 1000 SERIES,https://www.cisco.com/c/en/us/products/security/firepower-1000-series/index.html,,,Network
LMX-1002G-SFP-T,Antaira,LMX-1002G-SFP-T,Industrial managed Ethernet switch,ANTAIRA INDUSTRIAL MANAGED ETHERNET SWITCH,https://www.antaira.com/products/class1-div2-industrial-ethernet-switches-managed/LMX-1002G-SFP-T,,,Network
M4300-28G-PoE+,NETGEAR,M4300-28G-PoE+,Fully managed PoE+ switch,NETGEAR M4300 POE SWITCH,https://www.netgear.com/business/wired/switches/fully-managed/m4300-28g-poe-plus-1000w-psu/,,,Network
MIC-710AIX,Advantech,MIC-710AIX,AI inference system / AIoT gateway,ADVANTECH AI INFERENCE SYSTEM,https://www.advantech.com/en-us/products/mic-710aix,,,Computers & Controllers
MIC-733-AO,Advantech,MIC-733-AO,Fanless modular IPC,ADVANTECH FANLESS MODULAR IPC,https://www.advantech.com/en-us/products/mic-733-ao,,,Computers & Controllers
QS40.481,PULS,QS40.481,DIN rail power supply,PULS 24V DIN RAIL POWER SUPPLY,https://products.pulspower.com/us/qs40-481.html,,,Power
SDR-120-24,Mean Well,SDR-120-24,DIN rail power supply,MEAN WELL 24V DIN RAIL POWER SUPPLY,https://www.meanwell.com/Upload/PDF/SDR-120/SDR-120-SPEC.PDF,,,Power
WS-C3560CX-8PC-S,Cisco,WS-C3560CX-8PC-S,Compact PoE managed switch,CISCO CATALYST 3560CX,https://www.cisco.com/c/en/us/products/switches/catalyst-3560-cx-series-switches/index.html,,,Network
Unknown,Unknown,Unidentified white enclosure,Enclosure,UNIDENTIFIED WHITE ENCLOSURE,,,,Enclosures
RPM22BD,Schneider Electric,Schneider Electric RPM22BD Harmony Relay,"Plug-in electromechanical relay (2 C/O, DIN rail)",SCHNEIDER HARMONY RELAY RPM22BD,https://www.se.com/us/en/product/RPM22BD/plugin-relay-harmony-electromechanical-relays-15a-2co-with-led-lockable-test-button-24v-dc/,https://www.se.com/us/en/product/download-pdf/RPM22BD?filename=Schneider+Electric_Harmony-Electromechanical-Relays_RPM22BD.pdf,,Protection
CDC22-24,CBI Electric,CBI / American Electrical CDC22-24 DC Contactor,"DC contactor (DIN rail, 3PST-NO, 24 V DC coil)",CBI CDC22-24 DC CONTACTOR 40A,https://www.americanelectrical.com/item/din-rail-mounted-contactors/direct-current-dc-din-rail-mounted-contactors/cdc22-24-1,https://www.americanelectrical.com/Asset/contactor-spec.pdf,,Power
VAL-US-120-40-P,Phoenix Contact,Phoenix Contact VAL-US-120/40-P,Type 1 surge protection plug (replacement),PHOENIX VAL-US TYPE 1 SURGE PROTECTION PLUG,https://www.phoenixcontact.com/en-us/products/replacement-plug-val-us-12040-p-2910335,https://www.phoenixcontact.com/us/products/2910335/pdf,,Protection
S202-C0-5,ABB,ABB S202-C0.5 Miniature Circuit Breaker,"Miniature circuit breaker (S200, 2-pole, C-curve, 0.5 A)",ABB S202-C0.5 MCB,https://new.abb.com/products/2CDS252001R0984/s202-c0-5,https://library.e.abb.com/public/29f4496f68574f05b13d43706c9082d8/2CDS207104P0002_instruction%20manual_202302_300dpi.pdf,,Protection
UCM,SunForge LLC (formerly Blue Sky Energy),Blue Sky / SunForge Universal Communication Module (UCM),Communication / network interface module,BLUE SKY UCM COMMUNICATION MODULE,https://sunforgellc.com/product/ucm/,https://sunforgellc.com/wp-content/uploads/2022/11/UCM_DataSheet_Rev-2.0_AP.pdf,,Network
IPN-ProRemote,SunForge LLC (formerly Blue Sky Energy),Blue Sky / SunForge IPN ProRemote,Remote display / system controller,BLUE SKY IPN-PROREMOTE DISPLAY/CONTROLLER,https://sunforgellc.com/product/ipn-proremote/,https://sunforgellc.com/wp-content/uploads/2022/04/IPN-ProRemoteS_Data-Sheet-Rev.-2.0_AP.pdf,,Computers & Controllers
3024iL,SunForge LLC (formerly Blue Sky Energy),Blue Sky / SunForge Solar Boost 3024iL,"MPPT solar charge controller (12/24 V, 40 A)",BLUE SKY SOLAR BOOST 3024iL MPPT CONTROLLER,https://sunforgellc.com/product/sb3024il/,https://sunforgellc.com/wp-content/uploads/2022/04/SB3024DiL_Data-Sheet-Rev.-3.0_AP-N.pdf,,Power
1524iX,SunForge LLC (formerly Blue Sky Energy),Blue Sky / SunForge Solar Boost 1524iX,"MPPT solar charge controller (12/24 V, 15 A)",BLUE SKY SOLAR BOOST 1524iX MPPT CONTROLLER,https://sunforgellc.com/product/sb1524ix/,https://sunforgellc.com/wp-content/uploads/2022/04/SB1524iX-Li_Data-Sheet-Rev.-2.0_AP.pdf,,Power
TMC 72C 25A,Phoenix Contact,Phoenix Contact TMC 72C 25A Thermomagnetic Circuit Breaker,"Thermomagnetic device circuit breaker (1-pole, 25 A)",PHOENIX TMC 72C 25A CIRCUIT BREAKER,https://www.phoenixcontact.com/en-us/products/thermomagnetic-device-circuit-breakers-tmc-72c-25a-1020008,https://www.phoenixcontact.com/us/products/1020008/pdf,,Protection
ET-2260,ICP DAS,ICP DAS ET-2260 Ethernet I/O Module,Ethernet digital I/O module (Modbus TCP),ICP DAS ET-2260 ETHERNET I/O MODULE,https://www.icpdas.com/en/product/ET-2260,https://www.icpdas.com/web/product/download/io_and_unit/ethernet/et2200/document/data_sheet/(P)ET-2260_en.pdf,,Computers & Controllers
EDS-P510A-8PoE-2GTXSFP,Moxa,Moxa EDS-P510A-8PoE-2GTXSFP Managed PoE+ Ethernet Switch,Industrial managed PoE+ Ethernet switch (10-port),MOXA EDS-P510A MANAGED POE+ SWITCH,https://www.moxa.com/en/products/industrial-network-infrastructure/ethernet-switches/poe-switches/eds-p510a-series/eds-p510a-8poe-2gtxsfp,https://www.moxa.com/getmedia/9c9d6bec-4262-4d5b-8635-b1a285d2996d/moxa-eds-p510a-series-datasheet-v1.1.pdf,,Network
P5150A,Moxa,Moxa NPort P5150A Serial Device Server,1-port serial-to-Ethernet device server with PoE,MOXA NPORT P5150A SERIAL DEVICE SERVER,https://www.moxa.com/en/products/industrial-edge-connectivity/serial-device-servers/general-device-servers/nport-p5150a-series/nport-p5150a,https://www.moxa.com/getmedia/ecf5ced1-60b5-49d5-b297-0357fc8e582f/moxa-nport-p5150a-series-datasheet-v1.4.pdf,,Network
PET-7026,ICP DAS,ICP DAS PET-7026 PoE Ethernet I/O Module,PoE Ethernet mixed I/O module (Modbus TCP),ICP DAS PET-7026 POE ETHERNET I/O MODULE,https://www.icpdas.com/en/product/PET-7026,https://www.icpdas.com/web/product/download/io_and_unit/ethernet/et7000_et7200/document/data_sheet/ET-7x26_PET-7x26_en.pdf,,Computers & Controllers
PT 4-24DC-ST,Phoenix Contact,Phoenix Contact PLUGTRAB PT 4-24DC-ST Surge Protection Plug,"Pluggable surge protection (MCR, 4 lines, 24 V DC)",PHOENIX PLUGTRAB PT 4-24DC-ST SURGE PROTECTION,https://www.phoenixcontact.com/en-us/products/surge-protection-for-measurement-and-control-technology-pt-4-24dc-st-2839240,https://www.phoenixcontact.com/us/products/2839240/pdf,,Protection
